Handle,Title,Body (HTML),Vendor,Product Category,Type,Tags,Published,Option1 Name,Option1 Value,Option2 Name,Option2 Value,Option3 Name,Option3 Value,Variant SKU,Variant Grams,Variant Inventory Tracker,Variant Inventory Qty,Variant Inventory Policy,Variant Fulfillment Service,Variant Price,Variant Compare At Price,Variant Requires Shipping,Variant Taxable,Variant Barcode,Image Src,Image Position,Image Alt Text,Gift Card,SEO Title,SEO Description,Variant Image,Variant Weight Unit,Variant Tax Code,Cost per item,Status
pawlio-cloud-donut-bed,Pawlio Cloud Donut Bed,<p><strong>The bed they will never want to leave.</strong> Plush faux fur and a raised donut rim give your dog a cozy place to curl up and rest their head.</p><ul><li>Ultra-soft faux fur that stays fluffy</li><li>Raised rim for head and neck support</li><li>Non-slip bottom for hard floors</li><li>Three sizes for every breed</li></ul>,Pawlio,,Dog Bed,"bed, comfort, pawlio-test",TRUE,Size,Small (up to 25 lb),Color,Cream,,,,1800,,,continue,manual,39.95,,TRUE,TRUE,,https://d8j0ntlcm91z4.cloudfront.net/user_3DvRigiWzRpDDUnGkPjPoaCth02/hf_20260925_191934_b078c999-6c2e-4cf8-a9e7-f2a0429fd9c7.png,1,Pawlio Cloud Donut Bed,FALSE,,,,lb,,,active
pawlio-cloud-donut-bed,,,,,,,,,Small (up to 25 lb),,Sage,,,,1800,,,continue,manual,39.95,,TRUE,TRUE,,,,,,,,,lb,,,
pawlio-cloud-donut-bed,,,,,,,,,Medium (up to 45 lb),,Cream,,,,1800,,,continue,manual,49.95,,TRUE,TRUE,,,,,,,,,lb,,,
pawlio-cloud-donut-bed,,,,,,,,,Medium (up to 45 lb),,Sage,,,,1800,,,continue,manual,49.95,,TRUE,TRUE,,,,,,,,,lb,,,
pawlio-cloud-donut-bed,,,,,,,,,Large (up to 80 lb),,Cream,,,,1800,,,continue,manual,64.95,,TRUE,TRUE,,,,,,,,,lb,,,
pawlio-cloud-donut-bed,,,,,,,,,Large (up to 80 lb),,Sage,,,,1800,,,continue,manual,64.95,,TRUE,TRUE,,,,,,,,,lb,,,
pawlio-everyday-harness,Pawlio Everyday Harness,"<p><strong>Comfortable walks, zero tugging on the neck.</strong> A padded, breathable harness with adjustable straps and a sturdy metal D-ring.</p><ul><li>Soft padded chest plate</li><li>Four adjustment points for a snug fit</li><li>Heavy-duty metal D-ring for the leash</li><li>Easy to put on and take off</li></ul>",Pawlio,,Harness,"harness, walk, pawlio-test",TRUE,Size,XS,Color,Forest,,,,300,,,continue,manual,29.95,,TRUE,TRUE,,https://d8j0ntlcm91z4.cloudfront.net/user_3DvRigiWzRpDDUnGkPjPoaCth02/hf_20260925_191936_0fa1dee0-c02d-4349-82f3-ad7b1d56576c.png,1,Pawlio Everyday Harness,FALSE,,,,lb,,,active
pawlio-everyday-harness,,,,,,,,,XS,,Sand,,,,300,,,continue,manual,29.95,,TRUE,TRUE,,,,,,,,,lb,,,
pawlio-everyday-harness,,,,,,,,,S,,Forest,,,,300,,,continue,manual,29.95,,TRUE,TRUE,,,,,,,,,lb,,,
pawlio-everyday-harness,,,,,,,,,S,,Sand,,,,300,,,continue,manual,29.95,,TRUE,TRUE,,,,,,,,,lb,,,
pawlio-everyday-harness,,,,,,,,,M,,Forest,,,,300,,,continue,manual,29.95,,TRUE,TRUE,,,,,,,,,lb,,,
pawlio-everyday-harness,,,,,,,,,M,,Sand,,,,300,,,continue,manual,29.95,,TRUE,TRUE,,,,,,,,,lb,,,
pawlio-everyday-harness,,,,,,,,,L,,Forest,,,,300,,,continue,manual,29.95,,TRUE,TRUE,,,,,,,,,lb,,,
pawlio-everyday-harness,,,,,,,,,L,,Sand,,,,300,,,continue,manual,29.95,,TRUE,TRUE,,,,,,,,,lb,,,
pawlio-braided-rope-leash,Pawlio Braided Rope Leash,"<p><strong>Strong, soft and made to match.</strong> A braided cotton rope leash with a padded handle and a solid brass clip.</p><ul><li>5 ft braided rope, gentle on your hands</li><li>Solid brass swivel clip</li><li>Pairs with the Pawlio Everyday Harness</li></ul>",Pawlio,,Leash,"leash, walk, pawlio-test",TRUE,Title,Default Title,,,,,,350,,,continue,manual,24.95,,TRUE,TRUE,,https://d8j0ntlcm91z4.cloudfront.net/user_3DvRigiWzRpDDUnGkPjPoaCth02/hf_20260925_191934_dbd2626f-b90a-49eb-b71f-f7ac39316ada.png,1,Pawlio Braided Rope Leash,FALSE,,,,lb,,,active
pawlio-collapsible-travel-bowl,Pawlio Collapsible Travel Bowl,"<p><strong>Water on the go, anywhere.</strong> A food-grade silicone bowl that folds flat and clips to your bag.</p><ul><li>Folds flat to fit any pocket</li><li>Food-grade silicone, easy to clean</li><li>Carabiner clip included</li></ul>",Pawlio,,Bowl,"bowl, travel, pawlio-test",TRUE,Pack,1 Bowl,,,,,,150,,,continue,manual,14.95,,TRUE,TRUE,,https://d8j0ntlcm91z4.cloudfront.net/user_3DvRigiWzRpDDUnGkPjPoaCth02/hf_20260925_191934_48c6d9c5-e9ea-4ce0-bcd2-b6d08493b1d7.png,1,Pawlio Collapsible Travel Bowl,FALSE,,,,lb,,,active
pawlio-collapsible-travel-bowl,,,,,,,,,2 Bowls,,,,,,150,,,continue,manual,24.95,,TRUE,TRUE,,,,,,,,,lb,,,
pawlio-chew-toy-trio,Pawlio Chew Toy Trio,"<p><strong>Three toys, endless zoomies.</strong> A rubber ring, a rubber bone and a knotted cotton rope for fetch, tug and chew time.</p><ul><li>Durable natural rubber ring and bone</li><li>Knotted cotton rope for tug-of-war</li><li>Always supervise play</li></ul>",Pawlio,,Toy,"toy, play, pawlio-test",TRUE,Title,Default Title,,,,,,400,,,continue,manual,19.95,,TRUE,TRUE,,https://d8j0ntlcm91z4.cloudfront.net/user_3DvRigiWzRpDDUnGkPjPoaCth02/hf_20260925_191934_dadeb664-c2c4-4262-b7d6-86654f98ad7e.png,1,Pawlio Chew Toy Trio,FALSE,,,,lb,,,active
pawlio-everyday-grooming-brush,Pawlio Everyday Grooming Brush,"<p><strong>Less fur on the couch, more shine on your dog.</strong> An ergonomic brush that removes loose hair and keeps coats soft.</p><ul><li>Comfortable non-slip handle</li><li>Gentle bristles for daily brushing</li><li>Works on short and long coats</li></ul>",Pawlio,,Grooming,"grooming, brush, pawlio-test",TRUE,Title,Default Title,,,,,,150,,,continue,manual,17.95,,TRUE,TRUE,,https://d8j0ntlcm91z4.cloudfront.net/user_3DvRigiWzRpDDUnGkPjPoaCth02/hf_20260925_191933_f8fbd125-8649-4757-9923-14ab3521bd2c.png,1,Pawlio Everyday Grooming Brush,FALSE,,,,lb,,,active
